event_id,event_date,event_type,city,capacity,tickets_sold,revenue,cost
EVT_1,2025-04-14,Networking,Kinshasa,238,210,16478.43,6256.51
EVT_2,2024-01-11,Workshop,Anvers,92,76,1208.67,903.46
EVT_3,2024-03-13,Workshop,Bruxelles,181,99,3707.88,1306.21
EVT_4,2024-09-20,Workshop,Paris,247,51,2361.67,1513.88
EVT_5,2024-08-11,Networking,Bruxelles,390,348,5483.15,2349.84
EVT_6,2025-06-23,Networking,Kinshasa,127,32,954.24,597.42
EVT_7,2025-04-29,Networking,Lille,243,225,11512.76,7470.98
EVT_8,2025-01-03,Conférence,Paris,348,73,4123.45,2707.94
EVT_9,2025-05-13,Expo culturelle,Lyon,55,23,1299.84,851.1
EVT_10,2025-01-24,Marché créatif,Kinshasa,81,49,2090.19,966.88
EVT_11,2025-03-07,Workshop,Kinshasa,230,38,3001.66,1051.38
EVT_12,2025-03-11,Workshop,Paris,79,61,4419.24,3200.72
EVT_13,2024-10-21,Workshop,Lille,76,41,1378.65,698.23
EVT_14,2025-05-29,Expo culturelle,Lyon,102,37,977.82,375.55
EVT_15,2024-09-24,Expo culturelle,Anvers,121,99,6974.97,4241.54
EVT_16,2024-03-18,Networking,Lyon,367,298,12712.71,6985.51
EVT_17,2024-10-17,Marché créatif,Lyon,271,226,14716.46,9393.57
EVT_18,2024-10-03,Marché créatif,Kinshasa,133,105,3270.61,1373.31
EVT_19,2024-11-19,Marché créatif,Lille,176,59,3791.94,2012.12
EVT_20,2025-01-09,Marché créatif,Paris,303,173,11474.52,8332.56
EVT_21,2025-05-26,Workshop,Anvers,162,72,2749.57,1892.12
EVT_22,2024-08-16,Workshop,Lille,346,121,8156.11,4793.6
EVT_23,2024-07-31,Marché créatif,Anvers,332,115,6171.44,4239.02
EVT_24,2025-05-15,Networking,Lyon,95,84,4468.43,2636.52
EVT_25,2025-01-27,Concert privé,Lyon,352,149,9559.15,5022.42
EVT_26,2024-05-19,Marché créatif,Kinshasa,226,130,4736.27,2674.17
EVT_27,2025-04-12,Conférence,Anvers,143,59,2450.04,1074.14
EVT_28,2024-05-19,Workshop,Lyon,66,50,970.16,410.33
EVT_29,2025-03-29,Workshop,Kinshasa,389,312,8646.69,6255.34
EVT_30,2024-04-05,Workshop,Kinshasa,87,44,2451.65,1289.83
EVT_31,2024-07-11,Conférence,Lyon,192,127,9346.69,4826.02
EVT_32,2024-06-03,Networking,Bruxelles,385,236,15513.05,6195.5
EVT_33,2024-01-13,Conférence,Bruxelles,272,229,9206.92,4806.83
EVT_34,2024-10-09,Workshop,Lyon,365,165,3135.91,1464.35
EVT_35,2025-05-25,Expo culturelle,Lille,371,113,3577.15,2632.4
EVT_36,2025-05-13,Conférence,Anvers,231,102,7627.25,4053.73
EVT_37,2025-05-26,Workshop,Paris,350,319,6719.79,4984.82
EVT_38,2024-10-19,Marché créatif,Anvers,103,99,2463.0,1109.49
EVT_39,2024-08-15,Conférence,Bruxelles,177,71,4348.66,2243.54
EVT_40,2025-03-17,Networking,Paris,365,309,5822.0,2556.9
EVT_41,2025-05-19,Networking,Lille,209,89,3072.6,1668.87
EVT_42,2025-04-14,Conférence,Kinshasa,400,398,24665.57,14318.85
EVT_43,2024-10-06,Workshop,Anvers,88,53,2194.86,872.25
EVT_44,2025-02-06,Networking,Lille,236,198,12120.18,8131.97
EVT_45,2025-04-10,Conférence,Lille,69,59,4607.39,2742.49
EVT_46,2024-10-15,Networking,Bruxelles,93,85,4840.72,2204.94
EVT_47,2024-01-30,Workshop,Bruxelles,244,84,1976.5,726.6
EVT_48,2024-08-14,Expo culturelle,Bruxelles,235,54,2095.32,772.73
EVT_49,2025-05-12,Expo culturelle,Kinshasa,286,227,14255.2,9312.72
EVT_50,2024-11-29,Conférence,Bruxelles,386,50,2404.07,1318.77
EVT_51,2025-03-17,Workshop,Lille,111,85,4460.24,1797.83
EVT_52,2024-05-12,Concert privé,Lyon,397,133,4201.84,2401.64
EVT_53,2024-03-19,Conférence,Lille,97,71,4448.78,1930.46
EVT_54,2024-08-15,Concert privé,Kinshasa,343,309,19199.9,13005.18
EVT_55,2024-12-19,Concert privé,Bruxelles,362,162,7235.26,4935.97
EVT_56,2024-04-12,Marché créatif,Paris,135,77,4332.9,2142.66
EVT_57,2024-09-27,Conférence,Paris,231,100,6635.46,4819.53
EVT_58,2025-03-01,Marché créatif,Anvers,78,65,3485.51,2426.61
EVT_59,2024-01-05,Concert privé,Bruxelles,298,141,2309.57,1150.6
EVT_60,2024-05-12,Networking,Lille,338,233,16783.98,12229.58
EVT_61,2024-09-09,Expo culturelle,Lyon,259,185,8882.06,3237.21
EVT_62,2025-04-08,Conférence,Bruxelles,182,32,1277.9,696.14
EVT_63,2025-03-29,Networking,Kinshasa,328,102,6589.83,2779.29
EVT_64,2024-06-29,Conférence,Bruxelles,131,115,2296.44,1080.85
EVT_65,2025-02-19,Marché créatif,Lyon,112,22,1432.17,706.78
EVT_66,2024-11-02,Networking,Lyon,138,67,4483.19,1760.92
EVT_67,2025-06-26,Concert privé,Paris,302,149,8929.78,5667.95
EVT_68,2025-06-03,Expo culturelle,Paris,262,241,18514.62,8189.88
EVT_69,2024-06-16,Marché créatif,Paris,192,75,2379.53,1426.19
EVT_70,2025-05-11,Expo culturelle,Paris,119,79,3480.82,2113.98
EVT_71,2024-10-30,Concert privé,Bruxelles,283,257,6189.29,3177.32
EVT_72,2024-09-28,Expo culturelle,Lyon,397,266,11490.48,6117.77
EVT_73,2025-04-26,Expo culturelle,Lille,328,305,8167.93,4189.7
EVT_74,2024-12-23,Marché créatif,Paris,120,79,2573.68,940.24
EVT_75,2025-01-26,Workshop,Paris,189,26,988.0,540.66
EVT_76,2024-01-09,Concert privé,Anvers,219,159,2493.73,1170.92
EVT_77,2024-08-07,Networking,Lyon,376,209,4216.57,1554.91
EVT_78,2024-02-18,Workshop,Anvers,202,132,2868.52,1614.65
EVT_79,2025-04-22,Workshop,Bruxelles,374,154,5288.82,3583.21
EVT_80,2025-05-09,Concert privé,Kinshasa,188,29,846.74,541.8
EVT_81,2024-07-03,Marché créatif,Kinshasa,370,130,8080.71,4393.81
EVT_82,2025-01-20,Marché créatif,Anvers,201,108,5141.5,3037.3
EVT_83,2024-08-28,Expo culturelle,Bruxelles,395,313,9339.05,5731.14
EVT_84,2025-05-06,Networking,Paris,318,53,2061.65,1131.29
EVT_85,2024-05-26,Marché créatif,Paris,330,115,8792.72,6524.81
EVT_86,2024-02-27,Expo culturelle,Bruxelles,339,157,3013.51,1577.75
EVT_87,2025-05-06,Conférence,Lille,181,165,4616.48,3358.13
EVT_88,2024-09-10,Expo culturelle,Lyon,376,343,27224.72,16561.63
EVT_89,2024-12-31,Marché créatif,Anvers,276,138,8570.65,6135.54
EVT_90,2024-10-07,Marché créatif,Paris,194,107,6001.28,3024.89
EVT_91,2025-02-23,Conférence,Kinshasa,394,298,8149.02,6082.21
EVT_92,2024-08-02,Marché créatif,Kinshasa,318,68,4115.27,2008.03
EVT_93,2024-08-25,Concert privé,Kinshasa,122,116,6297.22,3542.93
EVT_94,2025-02-21,Concert privé,Lyon,103,32,1486.94,1028.79
EVT_95,2024-10-14,Conférence,Lille,253,191,11604.26,7751.04
EVT_96,2024-09-12,Expo culturelle,Lille,391,286,20608.57,13330.22
EVT_97,2024-09-09,Marché créatif,Anvers,243,117,3219.75,1129.3
EVT_98,2025-06-06,Expo culturelle,Bruxelles,393,105,8016.64,4558.91
EVT_99,2025-02-12,Concert privé,Kinshasa,278,24,778.24,370.81
EVT_100,2025-05-26,Conférence,Lyon,347,261,19972.46,7813.43
EVT_101,2025-06-29,Workshop,Bruxelles,170,28,765.63,560.01
EVT_102,2024-11-16,Networking,Lyon,346,278,11014.91,6178.19
EVT_103,2024-05-23,Expo culturelle,Lyon,274,29,2004.86,976.53
EVT_104,2024-02-24,Concert privé,Kinshasa,326,65,3444.09,1857.56
EVT_105,2024-08-24,Conférence,Kinshasa,182,128,4496.58,2305.35
EVT_106,2024-01-20,Networking,Lille,175,56,2684.56,1404.59
EVT_107,2024-03-13,Expo culturelle,Paris,203,116,9187.09,4561.15
EVT_108,2024-04-03,Concert privé,Bruxelles,181,170,10171.83,4711.71
EVT_109,2025-02-28,Concert privé,Lyon,377,113,8647.75,3224.83
EVT_110,2024-09-23,Concert privé,Paris,146,33,811.29,411.54
EVT_111,2024-09-19,Marché créatif,Bruxelles,377,355,27555.0,19151.48
EVT_112,2024-11-22,Concert privé,Paris,380,232,7899.97,3635.91
EVT_113,2024-12-05,Concert privé,Anvers,110,88,5214.97,3541.49
EVT_114,2024-06-30,Networking,Bruxelles,78,73,2535.91,1245.69
EVT_115,2024-04-04,Workshop,Kinshasa,382,128,5292.43,3201.27
EVT_116,2024-04-13,Concert privé,Kinshasa,380,105,4453.72,2335.65
EVT_117,2024-01-14,Marché créatif,Lyon,379,299,9789.49,5082.78
EVT_118,2024-11-13,Marché créatif,Bruxelles,85,39,3096.87,1478.94
EVT_119,2024-04-24,Marché créatif,Kinshasa,81,80,5576.17,3735.74
EVT_120,2024-11-28,Concert privé,Kinshasa,202,79,5102.68,1836.0
